{
  "testId" : "1-demo-1.gspec",
  "name" : "Demo-1.gspec",
  "report" : {
    "nodes" : [ {
      "name" : "Simple check",
      "status" : "info",
      "nodes" : [ {
        "name" : "check  Demo-1.gspec --url http://testapp.galenframework.com --size 1024x768 --htmlreport Demo-1",
        "status" : "info",
        "nodes" : [ {
          "name" : "Check layout: Demo-1.gspec included tags: ",
          "status" : "info",
          "time" : 1478571750075,
          "sections" : [ {
            "name" : "Header",
            "place" : {
              "filePath" : "Demo-1.gspec",
              "lineNumber" : 4
            },
            "objects" : [ {
              "name" : "header",
              "specs" : [ {
                "status" : "info",
                "place" : {
                  "filePath" : "Demo-1.gspec",
                  "lineNumber" : 6
                },
                "name" : "height 70px",
                "highlight" : [ "header" ]
              } ]
            } ]
          } ],
          "objects" : {
            "header" : {
              "area" : [ 0, 0, 1011, 70 ]
            }
          },
          "screenshot" : "layout-1-screenshot.png",
          "type" : "layout"
        } ],
        "time" : 1478571748386,
        "type" : "node"
      } ],
      "time" : 1478571739440,
      "type" : "node"
    } ]
  }
}