{
  "testId" : "1-homepage.gspec",
  "name" : "homepage.gspec",
  "report" : {
    "nodes" : [ {
      "name" : "Simple check",
      "status" : "info",
      "nodes" : [ {
        "name" : "check  homepage.gspec --url http://testapp.galenframework.com --size 1024x768 --htmlreport Nhom11Demo",
        "status" : "info",
        "nodes" : [ {
          "name" : "Check layout: homepage.gspec included tags: ",
          "status" : "info",
          "time" : 1478576525138,
          "sections" : [ {
            "name" : "Header",
            "place" : {
              "filePath" : "homepage.gspec",
              "lineNumber" : 8
            },
            "objects" : [ {
              "name" : "header",
              "specs" : [ {
                "status" : "info",
                "place" : {
                  "filePath" : "homepage.gspec",
                  "lineNumber" : 10
                },
                "name" : "height < 80px",
                "highlight" : [ "header" ]
              } ]
            }, {
              "name" : "header.logo",
              "specs" : [ {
                "status" : "info",
                "place" : {
                  "filePath" : "homepage.gspec",
                  "lineNumber" : 13
                },
                "name" : "inside header 0px left, 8 to 15px top bottom",
                "highlight" : [ "header.logo", "header" ]
              }, {
                "status" : "info",
                "place" : {
                  "filePath" : "homepage.gspec",
                  "lineNumber" : 14
                },
                "name" : "width 48px",
                "highlight" : [ "header.logo" ]
              }, {
                "status" : "info",
                "place" : {
                  "filePath" : "homepage.gspec",
                  "lineNumber" : 15
                },
                "name" : "height 48px",
                "highlight" : [ "header.logo" ]
              } ]
            }, {
              "name" : "header.text",
              "specs" : [ {
                "status" : "info",
                "place" : {
                  "filePath" : "homepage.gspec",
                  "lineNumber" : 18
                },
                "name" : "right-of header.logo ~22px",
                "highlight" : [ "header.text", "header.logo" ]
              } ]
            } ]
          }, {
            "name" : "Menu",
            "place" : {
              "filePath" : "homepage.gspec",
              "lineNumber" : 24
            },
            "objects" : [ {
              "name" : "menu.item-1",
              "specs" : [ {
                "status" : "info",
                "place" : {
                  "filePath" : "homepage.gspec",
                  "lineNumber" : 26
                },
                "name" : "width > 30px",
                "highlight" : [ "menu.item-1" ]
              }, {
                "status" : "info",
                "place" : {
                  "filePath" : "homepage.gspec",
                  "lineNumber" : 27
                },
                "name" : "height ~64px",
                "highlight" : [ "menu.item-1" ]
              }, {
                "status" : "info",
                "place" : {
                  "filePath" : "homepage.gspec",
                  "lineNumber" : 30
                },
                "name" : "inside menu 0px left top",
                "highlight" : [ "menu.item-1", "menu" ]
              } ]
            }, {
              "name" : "menu.item-2",
              "specs" : [ {
                "status" : "info",
                "place" : {
                  "filePath" : "homepage.gspec",
                  "lineNumber" : 26
                },
                "name" : "width > 30px",
                "highlight" : [ "menu.item-2" ]
              }, {
                "status" : "info",
                "place" : {
                  "filePath" : "homepage.gspec",
                  "lineNumber" : 27
                },
                "name" : "height ~64px",
                "highlight" : [ "menu.item-2" ]
              } ]
            }, {
              "name" : "menu.item-3",
              "specs" : [ {
                "status" : "info",
                "place" : {
                  "filePath" : "homepage.gspec",
                  "lineNumber" : 26
                },
                "name" : "width > 30px",
                "highlight" : [ "menu.item-3" ]
              }, {
                "status" : "info",
                "place" : {
                  "filePath" : "homepage.gspec",
                  "lineNumber" : 27
                },
                "name" : "height ~64px",
                "highlight" : [ "menu.item-3" ]
              } ]
            }, {
              "name" : "menu.item-4",
              "specs" : [ {
                "status" : "info",
                "place" : {
                  "filePath" : "homepage.gspec",
                  "lineNumber" : 26
                },
                "name" : "width > 30px",
                "highlight" : [ "menu.item-4" ]
              }, {
                "status" : "info",
                "place" : {
                  "filePath" : "homepage.gspec",
                  "lineNumber" : 27
                },
                "name" : "height ~64px",
                "highlight" : [ "menu.item-4" ]
              } ]
            } ]
          } ],
          "objects" : {
            "menu.item-3" : {
              "area" : [ 265, 70, 100, 64 ]
            },
            "menu.item-4" : {
              "area" : [ 365, 70, 100, 64 ]
            },
            "header.logo" : {
              "area" : [ 55, 13, 48, 48 ]
            },
            "header" : {
              "area" : [ 55, 0, 900, 70 ]
            },
            "header.text" : {
              "area" : [ 125, 20, 610, 40 ]
            },
            "menu" : {
              "area" : [ 55, 70, 900, 64 ]
            },
            "menu.item-1" : {
              "area" : [ 55, 70, 100, 64 ]
            },
            "menu.item-2" : {
              "area" : [ 155, 70, 110, 64 ]
            }
          },
          "screenshot" : "layout-1-screenshot.png",
          "type" : "layout"
        } ],
        "time" : 1478576521581,
        "type" : "node"
      } ],
      "time" : 1478576512133,
      "type" : "node"
    } ]
  }
}