{
  "testId" : "1-my-notes-page",
  "name" : "My notes page",
  "report" : {
    "nodes" : [ {
      "name" : "Click loginButton on Welcome page",
      "status" : "info",
      "nodes" : [ {
        "name" : "css: .button-login",
        "type" : "text"
      } ],
      "time" : 1478572732556,
      "type" : "node"
    }, {
      "name" : "Type \"testuser@example.com\" to username on Login page",
      "status" : "info",
      "nodes" : [ {
        "name" : "css: input[name='login.username']",
        "type" : "text"
      } ],
      "time" : 1478572732854,
      "type" : "node"
    }, {
      "name" : "Type \"test123\" to password on Login page",
      "status" : "info",
      "nodes" : [ {
        "name" : "css: input[name='login.password']",
        "type" : "text"
      } ],
      "time" : 1478572732982,
      "type" : "node"
    }, {
      "name" : "Click loginButton on Login page",
      "status" : "info",
      "nodes" : [ {
        "name" : "css: .button-login",
        "type" : "text"
      } ],
      "time" : 1478572733065,
      "type" : "node"
    }, {
      "name" : "Check layout: my-note.gspec included tags: desktop",
      "status" : "info",
      "time" : 1478572734441,
      "includedTags" : [ "desktop" ],
      "sections" : [ {
        "name" : "My Notes",
        "place" : {
          "filePath" : "my-note.gspec",
          "lineNumber" : 4
        },
        "objects" : [ {
          "name" : "main-caption",
          "specs" : [ {
            "status" : "info",
            "place" : {
              "filePath" : "my-note.gspec",
              "lineNumber" : 6
            },
            "name" : "text is \"My Notes\"",
            "highlight" : [ "main-caption" ]
          } ]
        } ]
      } ],
      "objects" : {
        "main-caption" : {
          "area" : [ 76, 174, 860, 33 ]
        }
      },
      "screenshot" : "layout-1-screenshot.png",
      "type" : "layout"
    } ]
  }
}