{
  "testId" : "1-demo-2.gspec",
  "name" : "Demo-2.gspec",
  "report" : {
    "nodes" : [ {
      "name" : "Simple check",
      "status" : "info",
      "nodes" : [ {
        "name" : "check  Demo-2.gspec --url http://testapp.galenframework.com --size 1024x768 --htmlreport Demo-2",
        "status" : "info",
        "nodes" : [ {
          "name" : "Check layout: Demo-2.gspec included tags: ",
          "status" : "info",
          "time" : 1477967665841,
          "sections" : [ {
            "name" : "Menu",
            "place" : {
              "filePath" : "Demo-2.gspec",
              "lineNumber" : 14
            },
            "objects" : [ {
              "name" : "menu",
              "specs" : [ {
                "status" : "info",
                "place" : {
                  "filePath" : "Demo-2.gspec",
                  "lineNumber" : 16
                },
                "name" : "below header 0 px",
                "highlight" : [ "menu", "header" ]
              }, {
                "status" : "info",
                "place" : {
                  "filePath" : "Demo-2.gspec",
                  "lineNumber" : 17
                },
                "name" : "aligned vertically all header",
                "highlight" : [ "menu", "header" ]
              } ]
            } ]
          } ],
          "objects" : {
            "header" : {
              "area" : [ 56, 0, 900, 70 ]
            },
            "menu" : {
              "area" : [ 56, 70, 900, 64 ]
            }
          },
          "screenshot" : "layout-1-screenshot.png",
          "type" : "layout"
        } ],
        "time" : 1477967664324,
        "type" : "node"
      } ],
      "time" : 1477967648351,
      "type" : "node"
    } ]
  }
}